time,open,high,low,close,tick_volume,spread,real_volume
1786458600,4384.09,4398.01,4384.09,4394.18,18379.0,,
1786460400,4394.18,4398.85,4381.99,4386.73,17424.0,,
1786462200,4386.76,4387.05,4369.11,4383.77,22001.0,,
1786464000,4383.84,4384.83,4378.49,4383.02,12744.0,,
1786465800,4383.02,4385.82,4379.3,4383.45,8979.0,,
1786467600,4383.43,4385.72,4378.94,4381.44,11111.0,,
1786469400,4381.45,4381.98,4368.99,4369.15,9099.0,,
1786471200,4369.16,4369.21,4360.32,4361.33,19279.0,,
1786473000,4361.38,4372.78,4361.19,4371.62,10867.0,,
1786474800,4371.65,4372.25,4361.28,4370.46,12423.0,,
1786476600,4370.48,4374.24,4366.36,4370.81,13780.0,,
1786478400,4370.79,4371.15,4367.67,4370.32,3824.0,,
1786480200,4370.32,4370.54,4367.03,4368.01,2174.0,,
1786485600,4371.77,4377.19,4370.34,4376.69,5440.0,,
1786487400,4376.69,4378.53,4367.31,4369.09,6647.0,,
1786489200,4369.21,4374.62,4362.58,4372.84,7789.0,,
1786491000,4372.84,4372.9,4366.65,4371.58,3730.0,,
1786492800,4371.58,4381.18,4366.49,4380.76,10230.0,,
1786494600,4380.76,4383.71,4377.66,4380.55,6966.0,,
1786496400,4380.66,4394.19,4378.36,4390.61,14637.0,,
1786498200,4390.61,4397.51,4385.32,4396.57,12973.0,,
1786500000,4396.57,4404.82,4394.28,4402.25,8905.0,,
1786501800,4402.24,4414.58,4397.69,4411.32,13772.0,,
1786503600,4411.32,4416.01,4404.44,4407.29,12407.0,,
1786505400,4407.29,4408.68,4400.81,4402.29,6636.0,,
1786507200,4402.29,4403.21,4395.41,4399.08,5537.0,,
1786509000,4399.08,4402.32,4395.34,4401.04,5389.0,,
1786510800,4401.04,4404.9,4392.33,4392.65,5802.0,,
1786512600,4392.65,4397.03,4384.03,4391.17,11591.0,,
1786514400,4391.17,4393.14,4385.27,4389.75,9471.0,,
1786516200,4389.76,4406.35,4388.45,4403.5,11222.0,,
1786518000,4403.51,4406.13,4398.23,4402.43,7127.0,,
1786519800,4402.43,4410.06,4401.45,4406.25,5616.0,,
1786521600,4406.25,4410.56,4405.63,4407.04,5832.0,,
1786523400,4407.0,4407.55,4401.76,4401.87,4888.0,,
1786525200,4401.87,4424.32,4401.87,4413.28,12039.0,,
1786527000,4413.28,4417.1,4410.74,4415.87,9687.0,,
1786528800,4415.87,4420.93,4414.64,4419.63,6785.0,,
1786530600,4419.63,4419.84,4407.41,4412.73,8741.0,,
1786532400,4412.73,4416.79,4407.9,4415.1,6462.0,,
1786534200,4415.1,4415.91,4410.24,4412.81,4810.0,,
1786536000,4412.81,4427.6,4404.76,4427.56,11748.0,,
1786537800,4427.56,4438.4,4382.14,4437.41,48083.0,,
1786539600,4437.32,4441.44,4414.68,4418.52,33854.0,,
1786541400,4418.53,4434.11,4408.55,4427.7,50246.0,,
1786543200,4427.69,4439.73,4421.07,4431.61,32755.0,,
1786545000,4431.61,4436.16,4416.38,4422.02,41575.0,,
1786546800,4422.04,4430.1,4414.92,4421.63,29347.0,,
1786548600,4421.6,4425.42,4411.11,4421.03,19271.0,,
1786550400,4421.03,4426.52,4416.76,4423.26,18000.0,,
1786552200,4423.22,4423.94,4396.71,4401.71,26432.0,,
1786554000,4401.71,4409.9,4400.06,4406.56,21149.0,,
1786555800,4406.57,4411.53,4399.08,4399.43,14680.0,,
1786557600,4399.44,4411.19,4396.31,4408.53,11489.0,,
1786559400,4408.5,4417.89,4407.99,4413.08,11559.0,,
1786561200,4413.08,4418.39,4412.88,4416.67,10680.0,,
1786563000,4416.67,4416.73,4408.31,4413.98,14557.0,,
1786564800,4413.96,4414.24,4406.69,4407.85,3710.0,,
1786566600,4407.87,4408.83,4406.56,4408.42,2252.0,,
1786572000,4410.9,4411.6,4398.32,4399.42,3711.0,,
1786573800,4399.42,4403.05,4398.78,4401.69,2323.0,,
1786575600,4401.7,4409.81,4401.64,4408.35,2377.0,,
1786577400,4408.35,4414.5,4407.37,4414.4,2482.0,,
1786579200,4414.4,4437.63,4412.93,4428.43,12308.0,,
1786581000,4428.43,4449.85,4424.08,4427.8,16992.0,,
1786582800,4427.77,4435.34,4419.09,4419.35,21305.0,,
1786584600,4419.35,4430.22,4406.25,4408.49,15509.0,,
1786586400,4408.48,4414.14,4405.44,4406.57,10419.0,,
1786588200,4406.57,4410.76,4399.03,4407.21,14461.0,,
1786590000,4407.2,4412.3,4404.19,4409.24,11875.0,,
1786591800,4409.24,4410.52,4398.7,4400.26,6961.0,,
1786593600,4400.25,4400.43,4391.73,4398.28,11219.0,,
1786595400,4398.28,4399.65,4395.17,4397.73,8293.0,,
1786597200,4397.77,4407.31,4393.16,4406.47,12032.0,,
1786599000,4406.47,4407.31,4380.61,4382.99,21909.0,,
1786600800,4382.95,4385.61,4374.27,4376.06,15616.0,,
1786602600,4376.06,4381.68,4368.93,4380.99,14233.0,,
1786604400,4380.94,4381.72,4373.83,4376.45,12670.0,,
1786606200,4376.45,4378.79,4369.29,4370.0,11254.0,,
1786608000,4369.96,4373.52,4364.07,4372.81,14010.0,,
1786609800,4372.81,4379.38,4371.94,4375.92,9209.0,,
1786611600,4375.93,4382.36,4372.52,4379.98,10120.0,,
1786613400,4379.98,4384.87,4378.55,4384.58,6956.0,,
1786615200,4384.58,4387.68,4381.43,4387.18,5760.0,,
1786617000,4387.18,4393.84,4384.66,4392.23,4917.0,,
1786618800,4392.23,4396.67,4388.11,4388.11,6513.0,,
1786620600,4388.1,4389.87,4382.89,4387.72,8801.0,,
1786622400,4387.75,4392.99,4384.19,4391.11,13380.0,,
1786624200,4391.14,4402.01,4380.67,4401.87,19595.0,,
1786626000,4401.8,4402.14,4384.03,4385.21,22069.0,,
1786627800,4385.24,4389.86,4370.78,4372.8,37383.0,,
1786629600,4372.8,4378.88,4366.74,4367.74,44711.0,,
1786631400,4367.74,4387.15,4353.61,4383.73,28535.0,,
1786633200,4383.74,4385.73,4363.57,4365.23,23992.0,,
1786635000,4365.23,4371.63,4357.64,4365.21,20836.0,,
1786636800,4365.23,4367.45,4351.27,4362.61,21641.0,,
1786638600,4362.63,4368.43,4362.59,4367.1,12763.0,,
1786640400,4367.11,4373.39,4362.41,4363.11,15495.0,,
1786642200,4363.08,4364.39,4355.67,4356.02,15257.0,,
1786644000,4356.04,4363.6,4354.75,4357.61,15120.0,,
1786645800,4357.57,4360.44,4354.7,4357.03,11863.0,,
1786647600,4357.02,4358.9,4343.74,4351.75,15148.0,,
1786649400,4351.75,4354.18,4347.64,4350.22,13655.0,,
1786651200,4350.22,4352.24,4346.98,4351.75,4904.0,,
1786653000,4351.75,4351.91,4348.1,4351.0,2844.0,,
1786658400,4353.93,4357.94,4351.83,4357.14,4058.0,,
1786660200,4357.14,4362.81,4353.43,4354.86,6482.0,,
1786662000,4354.87,4363.1,4349.31,4363.07,6820.0,,
1786663800,4363.07,4364.18,4356.4,4356.4,6839.0,,
1786665600,4356.4,4362.06,4339.47,4339.5,11900.0,,
1786667400,4339.5,4346.98,4329.48,4341.04,14395.0,,
1786669200,4341.04,4341.55,4315.06,4319.7,20289.0,,
1786671000,4319.7,4323.32,4312.27,4318.16,14382.0,,
1786672800,4318.16,4322.8,4310.9,4313.09,12490.0,,
1786674600,4313.09,4322.78,4311.67,4315.83,14120.0,,
1786676400,4315.84,4326.32,4313.79,4325.81,8195.0,,
1786678200,4325.81,4328.26,4323.6,4323.63,3995.0,,
1786680000,4323.64,4328.22,4322.83,4325.17,5281.0,,
1786681800,4325.17,4326.96,4323.46,4326.96,5911.0,,
1786683600,4326.99,4327.11,4317.24,4318.46,8960.0,,
1786685400,4318.45,4333.65,4311.03,4333.64,17135.0,,
1786687200,4333.64,4336.67,4328.42,4329.24,10722.0,,
1786689000,4329.24,4335.97,4328.01,4335.75,8715.0,,
1786690800,4335.73,4337.38,4329.71,4332.04,8631.0,,
1786692600,4332.04,4345.28,4331.73,4343.74,8903.0,,
1786694400,4343.75,4349.23,4342.01,4345.79,10516.0,,
1786696200,4345.78,4349.78,4342.9,4348.74,6223.0,,
1786698000,4348.73,4354.25,4346.07,4351.86,6720.0,,
1786699800,4351.86,4357.5,4350.11,4357.2,7479.0,,
1786701600,4357.2,4358.69,4350.23,4351.4,6112.0,,
1786703400,4351.4,4353.76,4347.96,4349.42,4833.0,,
1786705200,4349.42,4357.15,4348.58,4356.82,5213.0,,
1786707000,4356.82,4369.49,4356.58,4369.29,9597.0,,
1786708800,4369.28,4380.67,4365.79,4379.93,13554.0,,
1786710600,4380.0,4387.01,4371.02,4373.71,19346.0,,
1786712400,4373.72,4386.5,4370.31,4384.47,19712.0,,
1786714200,4384.47,4397.07,4382.89,4384.6,30566.0,,
1786716000,4384.44,4394.65,4384.15,4390.77,23172.0,,
1786717800,4390.81,4391.64,4378.85,4381.49,15236.0,,
1786719600,4381.49,4394.11,4379.13,4384.96,17460.0,,
1786721400,4384.96,4394.84,4384.01,4391.63,12208.0,,
1786723200,4391.65,4396.82,4386.93,4387.6,10351.0,,
1786725000,4387.6,4389.11,4380.32,4385.97,8697.0,,
1786726800,4385.97,4386.47,4379.29,4379.5,6997.0,,
1786728600,4379.47,4382.87,4376.28,4378.45,6558.0,,
1786730400,4378.45,4381.76,4376.5,4379.41,6544.0,,
1786732200,4379.37,4382.78,4370.91,4373.57,6297.0,,
1786734000,4373.57,4377.93,4372.0,4377.35,4838.0,,
1786735800,4377.35,4379.96,4373.48,4376.21,11171.0,,
1786737600,4376.23,4376.23,4371.45,4374.76,4332.0,,
1786739400,4374.75,4376.8,4373.64,4375.59,2330.0,,
1786917600,4384.42,4386.42,4372.18,4374.54,6793.0,,
1786919400,4374.54,4386.92,4374.54,4385.94,4073.0,,
1786921200,4385.94,4386.27,4372.69,4374.76,4891.0,,
1786923000,4374.76,4375.21,4367.18,4370.37,6349.0,,
1786924800,4370.37,4390.94,4368.09,4389.97,12316.0,,
1786926600,4389.97,4402.24,4387.6,4400.8,12032.0,,
1786928400,4400.79,4416.5,4399.14,4407.21,25169.0,,
1786930200,4407.2,4408.12,4392.14,4395.74,14021.0,,
1786932000,4395.74,4398.24,4389.97,4395.49,9500.0,,
1786933800,4395.49,4398.2,4388.5,4393.34,11483.0,,
1786935600,4393.34,4395.03,4388.15,4393.05,8975.0,,
1786937400,4393.05,4397.74,4391.1,4397.16,5945.0,,
1786939200,4397.16,4399.66,4390.21,4391.02,6296.0,,
1786941000,4391.02,4397.97,4388.98,4390.83,5523.0,,
1786942800,4390.83,4399.49,4386.98,4399.49,6979.0,,
1786944600,4399.48,4401.31,4392.25,4394.84,11289.0,,
1786946400,4394.82,4400.16,4392.75,4398.52,10832.0,,
1786948200,4398.5,4404.55,4393.67,4403.15,11328.0,,
1786950000,4403.13,4405.29,4396.15,4405.0,10681.0,,
1786951800,4405.0,4411.5,4403.64,4405.34,9407.0,,
1786953600,4405.34,4405.34,4397.6,4401.92,8222.0,,
1786955400,4401.91,4402.19,4392.59,4395.1,6195.0,,
1786957200,4395.1,4400.66,4393.37,4396.9,6041.0,,
1786959000,4396.91,4397.55,4392.6,4395.59,6593.0,,
1786960800,4395.6,4405.66,4391.96,4405.15,6889.0,,
1786962600,4405.14,4405.93,4395.46,4399.01,8303.0,,
1786964400,4399.01,4404.8,4397.15,4403.61,6564.0,,
1786966200,4403.62,4405.01,4395.37,4396.83,6665.0,,
1786968000,4396.83,4398.82,4382.14,4385.84,10578.0,,
1786969800,4385.83,4390.28,4377.34,4384.96,15308.0,,
1786971600,4384.96,4389.57,4381.85,4386.34,15196.0,,
1786973400,4386.36,4416.28,4384.6,4408.83,31375.0,,
1786975200,4408.83,4427.72,4403.88,4418.26,35354.0,,
1786977000,4418.26,4424.78,4413.92,4417.35,25089.0,,
1786978800,4417.35,4426.09,4415.15,4425.56,23977.0,,
1786980600,4425.59,4427.87,4417.7,4427.56,19635.0,,
1786982400,4427.56,4428.86,4422.93,4424.85,14532.0,,
1786984200,4424.85,4427.03,4422.59,4424.21,11386.0,,
1786986000,4424.21,4426.2,4413.4,4416.56,17376.0,,
1786987800,4416.56,4420.6,4411.19,4413.7,15135.0,,
1786989600,4413.7,4416.29,4404.74,4406.19,16985.0,,
1786991400,4406.21,4407.61,4398.13,4406.71,11367.0,,
1786993200,4406.71,4417.53,4400.31,4414.54,11925.0,,
1786995000,4414.54,4421.03,4414.2,4419.86,11520.0,,
1786996800,4419.85,4421.4,4414.95,4415.17,3396.0,,
1786998600,4415.17,4416.6,4414.58,4416.54,1950.0,,
1787004000,4418.66,4419.5,4411.97,4412.5,3663.0,,
1787005800,4412.49,4416.32,4410.56,4411.83,2512.0,,
1787007600,4411.99,4421.95,4409.82,4420.34,3049.0,,
1787009400,4420.34,4426.08,4420.03,4425.97,4889.0,,
1787011200,4425.97,4431.63,4419.04,4431.11,10870.0,,
1787013000,4431.12,4435.04,4428.34,4434.64,9194.0,,
1787014800,4434.54,4436.26,4420.11,4424.96,18601.0,,
1787016600,4424.96,4426.21,4404.27,4408.12,13008.0,,
1787018400,4408.02,4408.45,4398.48,4402.41,9645.0,,
1787020200,4402.41,4402.85,4394.22,4399.99,10046.0,,
1787022000,4399.99,4404.17,4394.38,4397.25,9912.0,,
1787023800,4397.25,4397.29,4390.68,4391.94,7727.0,,
1787025600,4391.94,4393.7,4389.9,4392.47,7258.0,,
1787027400,4392.47,4395.51,4388.98,4393.64,7138.0,,
1787029200,4393.63,4396.12,4390.97,4391.44,6457.0,,
1787031000,4391.44,4397.66,4386.1,4394.41,10893.0,,
1787032800,4394.41,4399.9,4387.68,4399.51,9310.0,,
1787034600,4399.51,4400.22,4395.21,4398.93,5604.0,,
1787036400,4398.93,4403.45,4396.84,4403.13,6772.0,,
1787038200,4403.13,4403.7,4395.5,4395.75,6405.0,,
1787040000,4395.8,4396.29,4386.9,4389.4,10394.0,,
1787041800,4389.4,4398.62,4389.16,4393.34,8249.0,,
1787043600,4393.32,4393.89,4388.7,4389.42,6940.0,,
1787045400,4389.41,4395.06,4387.03,4393.36,6720.0,,
1787047200,4393.34,4396.16,4389.82,4392.09,4944.0,,
1787049000,4392.09,4399.64,4391.74,4397.69,4272.0,,
1787050800,4397.68,4399.09,4389.7,4390.14,5654.0,,
1787052600,4390.13,4396.84,4388.61,4396.0,5918.0,,
1787054400,4396.0,4400.81,4389.67,4395.31,8984.0,,
1787056200,4395.31,4398.12,4390.77,4394.2,9289.0,,
1787058000,4394.22,4397.4,4388.21,4389.04,15148.0,,
1787059800,4389.04,4406.96,4376.16,4394.65,47136.0,,
1787061600,4394.65,4406.55,4391.16,4394.22,33510.0,,
1787063400,4394.21,4396.27,4363.68,4366.57,34259.0,,
1787065200,4366.58,4377.71,4351.69,4355.08,43527.0,,
1787067000,4355.08,4366.64,4354.64,4364.83,28439.0,,
1787068800,4364.87,4371.67,4363.55,4364.17,17151.0,,
1787070600,4364.23,4368.83,4363.1,4363.79,16071.0,,
1787072400,4363.83,4368.39,4363.18,4365.47,17206.0,,
1787074200,4365.43,4366.38,4356.79,4357.78,13913.0,,
1787076000,4357.79,4360.97,4352.75,4360.26,13344.0,,
1787077800,4360.25,4360.62,4352.84,4354.29,10509.0,,
1787079600,4354.34,4358.75,4352.44,4354.82,10020.0,,
1787081400,4354.87,4357.7,4338.19,4345.66,19076.0,,
1787083200,4345.65,4346.57,4333.56,4337.94,6166.0,,
1787085000,4337.95,4339.65,4329.05,4334.17,4467.0,,
1787090400,4341.55,4344.29,4333.94,4336.39,7086.0,,
1787092200,4336.39,4336.79,4332.95,4333.89,5119.0,,
1787094000,4334.1,4338.44,4329.97,4330.47,6923.0,,
1787095800,4330.47,4334.34,4327.24,4333.11,8127.0,,
1787097600,4333.11,4346.44,4331.62,4342.99,14604.0,,
1787099400,4342.99,4347.35,4337.21,4338.21,12800.0,,
1787101200,4338.24,4346.27,4324.53,4342.43,27411.0,,
1787103000,4342.43,4357.65,4342.42,4356.54,14906.0,,
1787104800,4356.54,4362.09,4351.72,4359.72,9780.0,,
1787106600,4359.72,4360.25,4351.48,4354.91,11799.0,,
1787108400,4354.91,4357.99,4351.9,4357.14,7578.0,,
1787110200,4357.14,4360.4,4354.79,4354.99,4724.0,,
1787112000,4354.99,4356.24,4350.03,4351.21,4330.0,,
1787113800,4351.21,4352.08,4343.93,4348.51,5055.0,,
1787115600,4348.51,4350.69,4336.73,4345.25,6451.0,,
1787117400,4345.22,4345.45,4334.96,4335.66,13630.0,,
1787119200,4335.65,4348.45,4335.3,4343.22,13267.0,,
1787121000,4343.25,4349.44,4337.13,4349.19,11829.0,,
1787122800,4349.17,4357.08,4347.47,4356.8,8950.0,,
1787124600,4356.8,4363.25,4352.78,4354.86,7550.0,,
1787126400,4354.86,4362.86,4351.11,4360.97,12372.0,,
1787128200,4360.97,4363.28,4354.83,4355.74,9866.0,,
1787130000,4355.74,4359.87,4353.46,4356.64,9989.0,,
1787131800,4356.63,4362.01,4355.4,4361.94,8235.0,,
1787133600,4361.95,4369.13,4359.58,4368.77,6987.0,,
1787135400,4368.77,4369.52,4365.94,4367.3,4161.0,,
1787137200,4367.33,4374.15,4367.33,4370.94,6782.0,,
1787139000,4370.94,4371.74,4363.23,4364.71,6789.0,,
1787140800,4364.71,4373.66,4362.17,4369.39,10185.0,,
1787142600,4369.39,4442.36,4368.71,4438.81,53469.0,,
1787144400,4438.81,4464.27,4424.35,4458.24,40593.0,,
1787146200,4458.25,4466.24,4442.3,4459.68,58658.0,,
1787148000,4459.71,4487.91,4455.32,4486.07,51933.0,,
1787149800,4486.08,4498.75,4478.07,4488.23,41992.0,,
1787151600,4488.23,4488.41,4478.2,4483.68,32814.0,,
1787153400,4483.69,4494.32,4480.26,4493.85,23399.0,,
1787155200,4493.84,4499.34,4490.62,4491.23,22157.0,,
1787157000,4491.22,4497.88,4490.67,4493.31,23467.0,,
1787158800,4493.34,4499.03,4486.17,4488.12,25597.0,,
1787160600,4488.13,4491.67,4484.41,4487.05,11649.0,,
1787162400,4487.08,4496.54,4472.79,4475.48,24879.0,,
1787164200,4475.47,4497.18,4472.11,4495.2,22881.0,,
1787166000,4495.18,4507.69,4494.49,4507.0,24385.0,,
1787167800,4507.01,4512.23,4502.52,4511.27,31125.0,,
1787169600,4511.27,4522.14,4505.28,4518.59,8671.0,,
1787171400,4518.58,4524.14,4518.1,4522.82,5576.0,,
1787176800,4518.47,4527.45,4518.47,4520.88,8252.0,,
1787178600,4520.88,4522.04,4516.41,4518.87,4642.0,,
1787180400,4518.87,4523.76,4515.41,4517.73,6773.0,,
1787182200,4517.73,4518.26,4511.36,4511.81,5189.0,,
1787184000,4511.81,4521.29,4508.64,4510.36,13640.0,,
1787185800,4510.36,4513.25,4503.93,4504.68,10973.0,,
1787187600,4504.68,4510.17,4491.78,4500.54,27192.0,,
1787189400,4500.54,4501.22,4484.46,4489.73,18288.0,,
1787191200,4489.73,4499.71,4488.64,4492.83,13719.0,,
1787193000,4492.9,4494.82,4488.97,4490.84,11959.0,,
1787194800,4490.84,4497.08,4488.06,4493.6,11999.0,,
1787196600,4493.61,4501.03,4492.34,4498.84,7931.0,,
1787198400,4498.85,4499.24,4489.9,4490.01,7318.0,,
1787200200,4490.02,4491.64,4486.37,4488.63,6095.0,,
1787202000,4488.63,4494.04,4482.98,4483.17,6542.0,,
1787203800,4483.16,4486.13,4477.94,4481.38,9151.0,,
1787205600,4481.38,4495.98,4480.07,4494.15,9608.0,,
1787207400,4494.15,4495.4,4491.25,4493.87,8005.0,,
1787209200,4493.88,4494.04,4483.68,4484.03,11097.0,,
1787211000,4484.04,4494.13,4483.52,4490.96,11491.0,,
1787212800,4490.96,4498.75,4490.08,4491.42,12484.0,,
1787214600,4491.42,4495.4,4487.17,4489.42,9878.0,,
1787216400,4489.42,4494.24,4488.2,4489.97,7700.0,,
1787218200,4490.01,4490.64,4481.87,4482.74,9053.0,,
1787220000,4482.75,4494.22,4480.73,4493.84,6979.0,,
1787221800,4493.84,4494.99,4487.48,4490.14,6608.0,,
1787223600,4490.16,4491.28,4481.17,4484.28,9050.0,,
1787225400,4484.28,4486.86,4465.48,4467.04,15951.0,,
1787227200,4467.04,4467.92,4450.68,4459.49,29773.0,,
1787229000,4459.59,4477.16,4451.17,4474.82,21306.0,,
1787230800,4474.81,4484.64,4470.2,4471.83,21320.0,,
1787232600,4471.83,4489.33,4469.33,4481.78,41784.0,,
1787234400,4481.62,4493.94,4480.86,4491.64,30890.0,,
1787236200,4491.64,4516.43,4491.64,4516.03,25092.0,,
1787238000,4516.03,4540.92,4515.04,4532.51,56769.0,,
1787239800,4532.51,4533.9,4509.74,4521.65,36643.0,,
1787241600,4521.65,4524.84,4505.54,4509.33,27649.0,,
1787243400,4509.33,4513.79,4502.75,4510.01,21853.0,,
1787245200,4510.01,4516.66,4507.77,4512.89,15457.0,,
1787247000,4512.9,4520.48,4510.82,4519.9,12746.0,,
1787248800,4519.91,4522.42,4508.28,4519.07,13945.0,,
1787250600,4519.07,4525.33,4518.01,4522.08,12293.0,,
1787252400,4522.07,4529.45,4518.22,4522.84,13327.0,,
1787254200,4522.84,4532.21,4522.02,4528.69,20434.0,,
1787256000,4528.69,4529.19,4520.5,4520.82,6486.0,,
1787257800,4520.83,4521.16,4516.8,4519.11,4018.0,,
1787263200,4515.79,4521.39,4511.41,4519.7,4190.0,,
1787265000,4519.7,4524.37,4518.38,4524.17,3983.0,,
1787266800,4524.08,4532.86,4522.69,4527.07,6369.0,,
1787268600,4527.05,4528.71,4520.92,4526.28,7011.0,,
1787270400,4526.28,4527.48,4513.9,4514.92,14234.0,,
1787272200,4514.93,4517.25,4509.83,4510.55,11455.0,,
1787274000,4510.55,4530.62,4508.77,4529.51,25725.0,,
1787275800,4529.5,4543.8,4523.72,4530.82,14983.0,,
1787277600,4530.79,4531.24,4518.26,4527.32,11634.0,,
1787279400,4527.31,4542.98,4525.2,4533.77,11262.0,,
1787281200,4533.78,4538.48,4529.67,4529.71,8575.0,,
1787283000,4529.71,4535.85,4526.72,4535.46,5814.0,,
1787284800,4535.46,4547.29,4535.41,4546.83,8999.0,,
1787286600,4546.83,4547.93,4540.22,4540.63,6209.0,,
1787288400,4540.63,4540.81,4530.56,4530.56,7649.0,,
1787290200,4530.54,4556.34,4529.17,4553.65,11524.0,,
1787292000,4553.65,4558.37,4545.6,4555.54,11845.0,,
1787293800,4555.53,4567.64,4554.66,4560.93,14059.0,,
1787295600,4560.9,4567.97,4558.5,4561.74,10068.0,,
1787297400,4561.56,4568.01,4560.01,4564.32,9836.0,,
1787299200,4564.32,4581.85,4559.2,4579.4,12738.0,,
1787301000,4579.44,4585.03,4576.47,4584.02,11595.0,,
1787302800,4584.02,4602.1,4581.26,4582.25,15264.0,,
1787304600,4582.25,4586.83,4580.43,4582.58,9070.0,,
1787306400,4582.58,4589.32,4578.0,4588.61,9484.0,,
1787308200,4588.61,4594.24,4585.71,4588.54,7988.0,,
1787310000,4588.55,4600.92,4587.2,4598.43,12576.0,,
1787311800,4598.43,4604.53,4593.39,4597.14,13074.0,,
1787313600,4597.13,4601.64,4581.98,4584.88,17018.0,,
1787315400,4584.88,4584.88,4563.56,4577.99,18277.0,,
1787317200,4577.97,4587.8,4575.78,4584.17,20389.0,,
1787319000,4584.16,4592.97,4573.36,4581.07,35702.0,,
1787320800,4581.07,4603.22,4579.96,4603.13,31214.0,,
1787322600,4603.14,4603.67,4580.56,4591.65,44884.0,,
1787324400,4591.66,4607.48,4587.33,4602.98,30122.0,,
1787326200,4603.03,4615.34,4599.62,4614.54,31428.0,,
1787328000,4614.55,4620.93,4609.1,4614.03,27177.0,,
1787329800,4614.04,4629.36,4612.27,4628.94,20203.0,,
1787331600,4628.94,4632.18,4615.31,4622.02,29820.0,,
1787333400,4622.02,4624.79,4616.98,4620.61,20277.0,,
1787335200,4620.59,4627.65,4620.4,4625.09,13445.0,,
1787337000,4625.09,4625.99,4619.52,4624.48,11636.0,,
1787338800,4624.48,4625.63,4617.77,4617.99,10732.0,,
1787340600,4617.99,4623.79,4615.6,4616.98,14390.0,,
1787342400,4616.98,4617.76,4610.29,4610.97,5082.0,,
1787344200,4610.98,4612.05,4603.01,4603.23,4976.0,,
1787522400,4608.89,4624.63,4605.68,4614.24,9993.0,,
1787524200,4614.24,4617.04,4606.14,4606.25,6774.0,,
1787526000,4606.25,4616.26,4604.73,4615.21,5473.0,,
1787527800,4615.21,4624.66,4607.64,4624.18,9055.0,,
1787529600,4624.2,4640.98,4594.43,4604.89,29038.0,,
1787531400,4604.87,4623.34,4601.23,4621.85,21556.0,,
1787533200,4621.85,4635.22,4611.15,4614.54,35140.0,,
1787535000,4614.58,4637.68,4608.06,4632.24,22890.0,,
1787536800,4632.24,4655.55,4627.94,4655.31,19645.0,,
1787538600,4655.3,4656.89,4627.56,4643.75,20891.0,,
1787540400,4643.75,4648.49,4633.47,4643.88,15052.0,,
1787542200,4643.88,4650.23,4640.15,4641.65,10209.0,,
1787544000,4641.65,4642.61,4632.5,4640.45,12725.0,,
1787545800,4640.45,4640.77,4633.08,4638.96,9941.0,,
1787547600,4638.96,4646.6,4636.14,4636.16,12751.0,,
1787549400,4636.16,4643.35,4629.74,4640.99,22426.0,,
1787551200,4640.99,4659.96,4639.42,4642.57,18729.0,,
1787553000,4642.57,4654.02,4642.02,4650.12,17985.0,,
1787554800,4650.08,4654.78,4642.34,4642.81,17274.0,,
1787556600,4642.81,4647.96,4630.19,4641.68,16484.0,,
1787558400,4641.7,4646.37,4629.4,4629.4,18419.0,,
1787560200,4629.37,4646.17,4628.85,4637.96,11874.0,,
1787562000,4637.96,4644.8,4634.93,4635.93,10597.0,,
1787563800,4635.93,4646.18,4632.94,4645.99,10886.0,,
1787565600,4645.98,4650.21,4642.4,4643.24,11089.0,,
1787567400,4643.24,4649.18,4641.74,4643.35,10658.0,,
1787569200,4643.34,4647.7,4639.12,4646.54,11074.0,,
1787571000,4646.56,4670.14,4643.51,4657.9,28912.0,,
1787572800,4657.9,4662.75,4650.09,4661.88,20801.0,,
1787574600,4661.88,4668.88,4645.23,4662.83,21877.0,,
1787576400,4662.86,4678.0,4661.51,4672.45,24342.0,,
1787578200,4672.49,4680.98,4656.13,4664.78,60223.0,,
1787580000,4664.75,4675.12,4655.52,4671.84,47985.0,,
1787581800,4671.86,4678.87,4656.97,4670.42,32761.0,,
1787583600,4670.43,4679.71,4665.48,4675.93,29588.0,,
1787585400,4675.93,4677.52,4639.94,4649.1,34409.0,,
1787587200,4649.15,4661.97,4646.58,4658.92,23270.0,,
1787589000,4658.92,4662.28,4641.74,4644.85,16442.0,,
1787590800,4644.86,4655.33,4630.29,4638.53,35565.0,,
1787592600,4638.54,4643.06,4632.78,4636.68,21635.0,,
1787594400,4636.66,4642.29,4625.18,4640.47,22226.0,,
1787596200,4640.48,4641.9,4625.27,4636.65,19309.0,,
1787598000,4636.63,4645.04,4635.99,4641.46,15275.0,,
1787599800,4641.46,4656.22,4640.23,4651.8,23591.0,,
1787601600,4651.81,4655.27,4649.02,4649.34,5444.0,,
1787603400,4649.34,4652.65,4647.16,4651.65,3037.0,,
1787608800,4654.0,4660.7,4646.96,4657.77,4582.0,,
1787610600,4657.74,4668.46,4657.35,4667.7,3356.0,,
1787612400,4667.62,4677.01,4666.89,4669.36,5138.0,,
1787614200,4669.36,4682.69,4667.67,4679.9,9019.0,,
1787616000,4679.9,4691.89,4675.47,4682.4,21305.0,,
1787617800,4682.4,4696.91,4681.93,4684.12,20805.0,,
1787619600,4684.11,4686.33,4664.28,4669.58,27776.0,,
1787621400,4669.58,4675.72,4656.63,4658.04,22998.0,,
1787623200,4658.06,4661.45,4638.4,4656.46,24409.0,,
1787625000,4656.43,4656.83,4617.76,4629.62,29318.0,,
1787626800,4629.6,4638.48,4622.3,4637.87,19676.0,,
1787628600,4637.87,4641.35,4631.57,4633.7,9864.0,,
1787630400,4633.7,4637.8,4628.93,4630.87,8370.0,,
1787632200,4630.87,4632.73,4623.78,4625.96,10363.0,,
1787634000,4625.96,4647.98,4624.12,4646.62,11000.0,,
1787635800,4646.6,4647.11,4635.9,4643.08,16827.0,,
1787637600,4643.12,4653.44,4641.4,4650.16,13242.0,,
1787639400,4650.16,4653.46,4637.15,4638.41,11068.0,,
1787641200,4638.42,4643.81,4634.28,4634.59,11524.0,,
1787643000,4634.59,4640.68,4629.9,4630.15,10002.0,,
1787644800,4630.15,4645.35,4620.3,4632.91,20493.0,,
1787646600,4632.86,4635.29,4625.13,4630.29,13302.0,,
1787648400,4630.26,4633.49,4624.84,4626.58,12364.0,,
1787650200,4626.55,4642.47,4624.2,4636.42,17119.0,,
1787652000,4636.42,4638.99,4633.11,4633.71,9671.0,,
1787653800,4633.71,4642.4,4632.88,4639.33,9096.0,,
1787655600,4639.33,4645.11,4636.6,4641.63,9724.0,,
1787657400,4641.64,4647.46,4640.45,4642.49,9942.0,,
1787659200,4642.65,4642.79,4632.0,4637.38,13199.0,,
1787661000,4637.38,4644.3,4630.18,4640.92,14429.0,,
1787662800,4640.92,4641.36,4608.68,4609.78,27808.0,,
1787664600,4609.75,4623.6,4605.38,4616.62,40229.0,,
1787666400,4616.61,4628.44,4613.62,4623.94,31889.0,,
1787668200,4623.94,4640.06,4612.68,4635.68,27137.0,,
1787670000,4635.66,4644.78,4629.43,4639.9,24702.0,,
1787671800,4639.89,4659.54,4639.89,4652.68,29432.0,,
1787673600,4652.68,4653.38,4637.98,4640.76,18950.0,,
1787675400,4640.76,4646.54,4637.15,4643.47,14038.0,,
1787677200,4643.48,4645.09,4634.19,4637.1,15676.0,,
1787679000,4637.1,4648.44,4636.32,4648.41,12440.0,,
1787680800,4648.41,4650.57,4644.28,4649.98,10803.0,,
1787682600,4649.98,4655.02,4645.93,4654.54,10196.0,,
1787684400,4654.52,4668.27,4653.48,4661.01,12504.0,,
1787686200,4661.01,4667.6,4657.96,4667.02,16980.0,,
1787688000,4666.99,4669.07,4661.91,4662.44,8621.0,,
1787689800,4662.44,4664.17,4657.56,4658.58,4922.0,,
1787695200,4654.52,4667.06,4653.61,4666.82,4238.0,,
1787697000,4666.82,4673.74,4666.81,4672.68,3828.0,,
1787698800,4672.68,4673.5,4660.3,4661.06,5028.0,,
1787700600,4661.06,4661.42,4653.21,4654.83,7141.0,,
1787702400,4654.83,4657.99,4643.06,4646.69,13121.0,,
1787704200,4646.69,4650.05,4634.46,4637.48,12764.0,,
1787706000,4637.51,4650.41,4630.0,4643.56,20564.0,,
1787707800,4643.59,4660.92,4639.01,4657.09,19798.0,,
1787709600,4657.11,4661.79,4654.98,4659.01,13105.0,,
1787711400,4659.01,4670.72,4657.59,4658.5,13587.0,,
1787713200,4658.5,4658.84,4645.94,4650.24,12316.0,,
1787715000,4650.24,4651.41,4642.64,4642.75,7026.0,,
1787716800,4642.72,4644.37,4641.19,4642.24,5016.0,,
1787718600,4642.24,4643.29,4638.88,4640.65,5293.0,,
1787720400,4640.65,4645.9,4640.12,4643.44,7051.0,,
1787722200,4643.45,4649.52,4635.49,4639.64,14692.0,,
1787724000,4639.63,4641.47,4624.74,4626.81,13526.0,,
1787725800,4626.81,4636.81,4625.79,4634.28,11236.0,,
1787727600,4634.28,4639.33,4630.82,4631.38,9634.0,,
1787729400,4631.38,4636.47,4626.55,4629.0,8384.0,,
1787731200,4628.96,4630.36,4622.25,4629.72,11927.0,,
1787733000,4629.72,4630.74,4625.09,4628.3,9631.0,,
1787734800,4628.31,4630.98,4616.28,4616.87,10591.0,,
1787736600,4616.87,4625.66,4616.83,4623.28,7632.0,,
1787738400,4623.29,4623.98,4613.1,4615.14,8131.0,,
1787740200,4615.14,4624.17,4614.64,4620.29,7050.0,,
1787742000,4620.32,4623.02,4616.6,4620.7,8603.0,,
1787743800,4620.76,4625.26,4616.97,4624.78,8867.0,,
1787745600,4624.78,4631.38,4623.82,4630.55,12418.0,,
1787747400,4630.5,4633.79,4610.93,4614.43,29873.0,,
1787749200,4614.42,4621.48,4598.06,4611.32,28349.0,,
1787751000,4611.32,4631.97,4610.41,4631.63,41984.0,,
1787752800,4631.65,4633.49,4616.35,4616.73,29389.0,,
1787754600,4616.73,4622.89,4602.86,4602.97,25096.0,,
1787756400,4602.97,4605.41,4583.08,4594.85,31078.0,,
1787758200,4594.85,4609.33,4594.53,4596.16,20669.0,,
1787760000,4596.16,4601.49,4590.59,4595.01,22252.0,,
1787761800,4595.01,4596.9,4585.59,4591.63,20080.0,,
1787763600,4591.63,4598.86,4590.7,4597.78,16700.0,,
1787765400,4597.78,4602.25,4594.3,4597.83,13272.0,,
1787767200,4597.83,4604.68,4592.8,4594.74,13446.0,,
1787769000,4594.72,4597.76,4592.49,4593.8,11633.0,,
1787770800,4593.86,4598.98,4591.07,4598.48,12211.0,,
1787772600,4598.48,4601.62,4592.42,4594.3,12552.0,,
1787774400,4594.27,4596.77,4584.11,4591.39,9268.0,,
1787776200,4591.4,4594.47,4590.36,4594.47,4830.0,,
1787781600,4597.65,4613.52,4596.23,4610.89,8128.0,,
1787783400,4610.89,4612.11,4606.93,4609.32,6011.0,,
1787785200,4609.35,4622.38,4606.93,4620.16,6267.0,,
1787787000,4620.16,4625.02,4618.35,4623.72,7676.0,,
1787788800,4623.72,4627.1,4613.4,4619.17,12706.0,,
1787790600,4619.17,4619.17,4600.53,4605.1,14226.0,,
1787792400,4605.1,4625.14,4602.28,4618.65,22040.0,,
1787794200,4618.66,4640.93,4617.97,4640.14,16197.0,,
1787796000,4640.14,4643.07,4632.86,4633.2,10444.0,,
1787797800,4633.2,4633.85,4623.65,4629.65,13128.0,,
1787799600,4629.65,4638.66,4628.39,4635.44,10653.0,,
1787801400,4635.44,4635.62,4624.41,4625.49,6803.0,,
1787803200,4625.49,4627.28,4620.6,4620.6,6422.0,,
1787805000,4620.6,4620.9,4617.26,4618.79,7021.0,,
1787806800,4618.79,4621.55,4616.21,4617.24,7064.0,,
1787808600,4617.17,4619.86,4600.88,4607.02,17656.0,,
1787810400,4607.02,4610.46,4599.61,4610.39,13021.0,,
1787812200,4610.34,4611.9,4598.06,4600.31,12102.0,,
1787814000,4600.32,4605.86,4593.6,4599.34,12760.0,,
1787815800,4599.33,4602.51,4595.04,4600.22,8834.0,,
1787817600,4600.22,4606.91,4599.84,4600.88,9199.0,,
1787819400,4600.88,4602.29,4594.66,4598.98,8783.0,,
1787821200,4599.0,4600.68,4593.71,4597.74,10497.0,,
1787823000,4597.74,4599.22,4578.05,4580.32,13070.0,,
1787824800,4580.34,4583.64,4569.09,4580.42,11689.0,,
1787826600,4580.38,4590.59,4576.32,4590.19,9241.0,,
1787828400,4590.19,4596.87,4587.37,4594.56,9270.0,,
1787830200,4594.56,4600.39,4593.93,4598.42,10492.0,,
1787832000,4598.42,4601.15,4591.72,4595.78,12573.0,,
1787833800,4595.78,4596.92,4580.5,4585.85,13316.0,,
1787835600,4585.88,4593.3,4579.79,4590.27,22714.0,,
1787837400,4590.18,4593.05,4564.66,4572.44,44520.0,,
1787839200,4572.43,4584.23,4568.47,4581.32,36201.0,,
1787841000,4581.32,4598.24,4581.17,4591.31,27781.0,,
1787842800,4591.32,4598.0,4588.84,4592.98,22799.0,,
1787844600,4593.02,4611.29,4592.18,4610.49,24828.0,,
1787846400,4610.49,4613.02,4602.46,4607.67,18164.0,,
1787848200,4607.69,4616.71,4606.03,4614.94,16047.0,,
1787850000,4614.94,4616.5,4608.48,4610.33,17097.0,,
1787851800,4610.33,4614.35,4605.18,4606.48,17914.0,,
1787853600,4606.48,4608.05,4601.5,4601.71,18121.0,,
1787855400,4601.68,4611.18,4600.94,4610.42,11076.0,,
1787857200,4610.43,4618.08,4604.29,4605.86,14321.0,,
1787859000,4605.85,4612.72,4604.8,4609.4,15730.0,,
1787860800,4609.43,4609.68,4602.78,4603.7,5133.0,,
1787862600,4603.7,4604.66,4599.92,4601.58,3708.0,,
1787868000,4603.46,4608.39,4601.21,4607.77,5003.0,,
1787869800,4607.76,4610.88,4606.74,4610.79,2941.0,,
1787871600,4610.74,4611.5,4600.14,4601.03,3463.0,,
1787873400,4601.03,4602.27,4594.4,4594.61,5093.0,,
1787875200,4594.61,4602.59,4590.58,4594.02,11946.0,,
1787877000,4594.01,4594.29,4585.74,4588.81,9220.0,,
1787878800,4588.85,4602.31,4583.93,4585.75,21673.0,,
1787880600,4585.76,4589.07,4575.42,4575.93,18000.0,,
1787882400,4575.93,4584.89,4575.15,4583.45,9969.0,,
1787884200,4583.45,4589.74,4582.31,4586.39,11273.0,,
1787886000,4586.39,4590.1,4582.8,4588.0,11202.0,,
1787887800,4588.01,4588.35,4578.69,4579.99,6174.0,,
1787889600,4579.98,4585.45,4578.03,4584.81,5802.0,,
1787891400,4584.77,4585.31,4578.2,4584.42,5212.0,,
1787893200,4584.45,4586.28,4578.4,4584.21,7121.0,,
1787895000,4584.17,4584.22,4571.72,4573.29,15283.0,,
1787896800,4573.29,4585.66,4572.43,4585.05,14302.0,,
1787898600,4585.04,4613.3,4582.92,4612.69,17566.0,,
1787900400,4612.68,4613.48,4596.65,4607.57,14702.0,,
1787902200,4607.57,4614.39,4607.23,4611.93,9803.0,,
1787904000,4611.93,4614.67,4608.17,4609.24,9478.0,,
1787905800,4609.23,4611.5,4601.11,4602.78,9314.0,,
1787907600,4602.77,4604.34,4600.36,4601.87,8784.0,,
1787909400,4601.85,4607.52,4601.04,4605.19,8767.0,,
1787911200,4605.19,4609.84,4601.92,4605.31,7332.0,,
1787913000,4605.31,4607.89,4597.6,4600.2,6916.0,,
1787914800,4600.2,4601.34,4595.04,4598.93,10739.0,,
1787916600,4598.94,4600.86,4591.37,4593.35,10096.0,,
1787918400,4593.34,4603.79,4590.92,4601.44,12305.0,,
1787920200,4601.44,4602.7,4589.07,4601.66,16449.0,,
1787922000,4601.67,4605.4,4593.78,4604.02,21038.0,,
1787923800,4604.01,4627.49,4598.96,4604.1,31860.0,,
1787925600,4602.33,4631.83,4530.03,4552.04,100715.0,,
1787927400,4552.04,4580.75,4550.53,4576.68,68852.0,,
1787929200,4576.68,4582.68,4551.57,4566.77,54744.0,,
1787931000,4566.76,4567.53,4524.11,4524.59,57014.0,,
1787932800,4524.59,4529.52,4464.24,4480.99,68444.0,,
1787934600,4481.01,4487.55,4466.14,4479.49,54042.0,,
1787936400,4479.48,4486.8,4471.2,4478.08,42128.0,,
1787938200,4478.13,4481.8,4460.51,4469.37,31636.0,,
1787940000,4469.37,4471.69,4452.55,4456.11,37162.0,,
1787941800,4456.11,4458.73,4445.52,4456.9,31058.0,,
1787943600,4456.86,4463.63,4453.04,4462.14,25117.0,,
1787945400,4462.14,4467.05,4452.94,4458.55,22504.0,,
1787947200,4458.55,4462.83,4453.8,4458.14,8400.0,,
1787949000,4458.17,4459.93,4453.14,4454.28,4299.0,,
1788127200,4433.07,4466.04,4430.41,4459.63,11526.0,,
1788129000,4459.63,4462.51,4452.85,4461.47,5936.0,,
1788130800,4461.46,4466.86,4455.27,4457.64,7825.0,,
1788132600,4457.64,4460.57,4435.92,4458.53,14824.0,,
1788134400,4458.53,4465.25,4452.22,4456.92,19007.0,,
1788136200,4456.92,4472.11,4456.17,4456.37,13633.0,,
1788138000,4456.37,4463.29,4436.07,4444.01,37735.0,,
1788139800,4444.0,4453.88,4436.29,4440.25,28294.0,,
1788141600,4440.25,4441.49,4418.02,4423.08,25788.0,,
1788143400,4423.07,4426.45,4396.52,4423.0,25349.0,,
1788145200,4423.01,4434.02,4421.82,4427.83,14162.0,,
1788147000,4427.83,4427.83,4419.99,4422.57,8525.0,,
1788148800,4422.57,4422.88,4415.95,4416.01,8031.0,,
1788150600,4416.01,4425.04,4413.07,4424.63,8977.0,,
1788152400,4424.63,4440.74,4419.3,4440.36,11506.0,,
1788154200,4440.35,4443.79,4430.73,4443.0,17566.0,,
1788156000,4442.99,4443.22,4429.26,4435.96,15213.0,,
1788157800,4435.96,4442.66,4431.36,4439.36,12552.0,,
1788159600,4439.36,4448.25,4435.17,4444.01,11805.0,,
1788161400,4444.01,4447.83,4440.86,4443.32,10831.0,,
1788163200,4443.29,4449.55,4436.21,4440.23,13339.0,,
1788165000,4440.23,4440.33,4433.87,4435.61,9933.0,,
1788166800,4435.61,4444.24,4435.61,4439.2,9160.0,,
1788168600,4439.21,4445.53,4439.09,4445.42,7829.0,,
1788170400,4445.42,4453.8,4444.9,4448.5,11285.0,,
1788172200,4448.5,4455.65,4447.64,4453.88,9204.0,,
1788174000,4453.88,4464.09,4452.75,4463.35,8124.0,,
1788175800,4463.35,4464.01,4452.57,4455.51,10964.0,,
1788177600,4455.51,4460.96,4447.32,4447.71,17099.0,,
1788179400,4447.71,4449.93,4435.44,4435.78,17642.0,,
1788181200,4435.78,4448.39,4433.92,4446.01,25018.0,,
1788183000,4446.03,4447.37,4415.68,4418.47,38398.0,,
1788184800,4418.48,4431.12,4416.23,4420.24,36686.0,,
1788186600,4420.23,4436.74,4419.28,4431.71,31334.0,,
1788188400,4431.71,4437.93,4428.26,4433.01,26409.0,,
1788190200,4433.0,4434.29,4424.66,4426.26,25114.0,,
1788192000,4426.38,4438.73,4423.77,4438.46,22713.0,,
1788193800,4438.46,4440.26,4431.38,4433.25,20125.0,,
1788195600,4433.29,4437.02,4428.73,4430.51,19708.0,,
1788197400,4430.4,4440.11,4429.91,4436.58,16694.0,,
1788199200,4436.6,4436.81,4429.59,4429.73,14148.0,,
1788201000,4429.69,4434.64,4426.21,4430.88,14073.0,,
1788202800,4430.88,4442.45,4429.19,4440.57,12961.0,,
1788204600,4440.53,4453.81,4439.07,4453.39,21606.0,,
1788206400,4453.38,4455.87,4446.97,4447.35,8098.0,,
1788208200,4447.35,4449.32,4446.49,4448.98,3566.0,,
1788213600,4448.22,4455.81,4447.35,4449.91,4912.0,,
1788215400,4449.91,4451.25,4445.62,4447.02,3139.0,,
1788217200,4447.09,4447.19,4441.77,4443.38,3798.0,,
1788219000,4443.38,4452.53,4443.21,4452.38,5892.0,,
1788220800,4452.38,4461.5,4446.44,4460.32,15338.0,,
1788222600,4460.32,4461.46,4451.11,4453.69,11488.0,,
1788224400,4453.71,4456.91,4437.97,4439.83,21730.0,,
1788226200,4439.83,4446.68,4436.47,4444.38,16161.0,,
1788228000,4444.37,4449.21,4440.46,4440.61,11952.0,,
1788229800,4440.63,4443.23,4427.89,4443.1,15894.0,,
1788231600,4443.11,4444.07,4431.88,4434.08,10022.0,,
1788233400,4434.08,4443.26,4433.34,4436.72,6713.0,,
1788235200,4436.72,4437.71,4429.67,4429.73,7042.0,,
1788237000,4429.73,4430.56,4425.39,4426.69,7410.0,,
1788238800,4426.7,4432.7,4425.32,4426.8,8256.0,,
1788240600,4426.8,4446.05,4423.9,4440.16,17005.0,,
1788242400,4440.16,4440.62,4427.79,4429.05,12320.0,,
1788244200,4429.05,4435.33,4428.24,4429.62,9716.0,,
1788246000,4429.62,4434.96,4425.88,4426.13,14527.0,,
1788247800,4426.13,4428.3,4412.13,4420.24,18203.0,,
1788249600,4420.24,4420.24,4381.86,4383.1,32756.0,,
1788251400,4383.1,4383.81,4369.19,4370.86,28608.0,,
1788253200,4370.85,4378.1,4366.51,4373.01,21908.0,,
1788255000,4373.0,4373.66,4364.72,4364.82,15948.0,,
1788256800,4364.82,4385.57,4364.32,4384.97,14204.0,,
1788258600,4384.97,4386.03,4375.18,4378.23,12959.0,,
1788260400,4378.24,4383.13,4374.94,4380.56,14164.0,,
1788262200,4380.56,4387.19,4371.98,4374.5,13014.0,,
1788264000,4374.49,4376.18,4366.05,4368.63,21729.0,,
1788265800,4368.62,4369.97,4352.07,4356.31,29009.0,,
1788267600,4356.3,4357.74,4326.2,4343.19,41723.0,,
1788269400,4343.16,4367.28,4341.22,4365.24,46627.0,,
1788271200,4365.37,4375.66,4353.33,4365.85,40959.0,,
1788273000,4365.85,4373.25,4356.82,4360.44,31075.0,,
1788274800,4360.45,4366.0,4355.29,4365.81,25681.0,,
1788276600,4365.78,4373.89,4361.66,4373.01,20317.0,,
1788278400,4373.12,4374.88,4352.6,4352.83,27778.0,,
1788280200,4352.8,4359.1,4347.08,4351.38,27547.0,,
1788282000,4351.42,4352.02,4342.61,4350.03,24868.0,,
1788283800,4349.95,4352.0,4341.09,4343.0,20704.0,,
1788285600,4343.01,4344.56,4334.53,4337.54,18006.0,,
1788287400,4337.55,4337.67,4328.34,4331.77,19786.0,,
1788289200,4331.78,4337.72,4329.17,4334.52,17775.0,,
1788291000,4334.52,4334.79,4322.81,4327.07,20038.0,,
1788292800,4327.11,4330.81,4323.75,4326.09,7720.0,,
1788294600,4326.09,4330.56,4325.31,4328.11,4259.0,,
1788300000,4330.95,4334.7,4327.28,4327.92,4948.0,,
1788301800,4327.92,4331.08,4326.33,4329.45,3777.0,,
1788303600,4329.42,4332.41,4325.82,4330.88,4610.0,,
1788305400,4330.88,4335.75,4323.13,4324.51,7104.0,,
1788307200,4324.54,4334.57,4315.99,4325.87,22856.0,,
1788309000,4325.87,4331.69,4314.6,4315.88,17566.0,,
1788310800,4315.82,4326.66,4305.03,4317.38,34229.0,,
1788312600,4317.37,4318.52,4288.69,4291.08,26123.0,,
1788314400,4291.05,4306.56,4287.38,4304.43,17307.0,,
1788316200,4304.43,4314.87,4299.59,4302.83,16976.0,,
1788318000,4302.83,4304.26,4289.47,4293.71,15178.0,,
1788319800,4293.71,4303.78,4282.59,4303.3,12493.0,,
1788321600,4303.29,4306.79,4301.3,4302.84,9344.0,,
1788323400,4302.84,4307.8,4302.62,4307.26,6668.0,,
1788325200,4307.26,4313.96,4303.68,4313.19,9866.0,,
1788327000,4313.19,4326.43,4313.15,4319.98,17299.0,,
1788328800,4319.98,4329.23,4317.52,4322.73,17774.0,,
1788330600,4322.73,4326.45,4314.72,4321.73,18025.0,,
1788332400,4321.72,4331.09,4319.18,4326.86,17935.0,,
1788334200,4326.85,4331.35,4320.54,4323.29,13237.0,,
1788336000,4323.3,4331.7,4322.16,4323.16,15697.0,,
1788337800,4323.18,4326.75,4312.58,4312.99,15586.0,,
1788339600,4312.97,4322.45,4305.04,4309.08,16665.0,,
1788341400,4309.09,4311.86,4307.36,4308.6,13325.0,,
1788343200,4308.6,4312.31,4301.88,4309.94,13100.0,,
1788345000,4309.94,4310.74,4305.28,4309.35,11644.0,,
1788346800,4309.35,4324.57,4307.68,4321.91,20679.0,,
1788348600,4321.91,4332.95,4321.75,4332.4,15731.0,,
1788350400,4332.42,4344.38,4329.06,4336.31,26135.0,,
1788352200,4336.31,4339.34,4327.45,4331.47,22758.0,,
1788354000,4331.5,4358.62,4330.86,4358.5,29126.0,,
1788355800,4358.49,4385.65,4357.05,4385.39,47610.0,,
1788357600,4385.38,4397.67,4378.98,4387.64,47823.0,,
1788359400,4387.64,4388.26,4374.35,4376.97,30767.0,,
1788361200,4377.0,4380.88,4365.63,4372.66,30652.0,,
1788363000,4372.68,4375.28,4364.64,4373.12,24245.0,,
1788364800,4373.1,4374.86,4367.72,4368.7,19270.0,,
1788366600,4368.68,4370.67,4364.53,4368.3,17500.0,,
1788368400,4368.3,4371.11,4364.6,4369.86,15468.0,,
1788370200,4369.88,4380.74,4366.54,4376.99,18178.0,,
1788372000,4376.99,4379.76,4369.29,4373.19,19436.0,,
1788373800,4373.15,4378.2,4372.54,4374.15,13244.0,,
1788375600,4374.14,4383.16,4371.79,4381.17,13537.0,,
1788377400,4381.17,4391.37,4381.17,4391.24,16961.0,,
1788379200,4391.2,4391.53,4384.06,4386.4,9210.0,,
1788381000,4386.4,4390.58,4385.77,4387.95,4067.0,,
1788386400,4390.15,4393.33,4387.97,4389.89,3926.0,,
1788388200,4389.88,4389.89,4383.55,4384.72,3300.0,,
1788390000,4384.92,4386.82,4382.0,4382.31,3242.0,,
1788391800,4382.31,4388.91,4381.13,4385.69,5605.0,,
1788393600,4385.69,4392.56,4384.57,4387.24,10065.0,,
1788395400,4387.24,4397.94,4382.58,4395.45,9717.0,,
1788397200,4395.47,4409.41,4387.29,4401.74,24719.0,,
1788399000,4401.7,4412.4,4400.27,4410.36,16660.0,,
1788400800,4410.36,4415.52,4406.85,4411.65,14585.0,,
1788402600,4411.62,4420.56,4409.49,4420.4,16620.0,,
1788404400,4420.4,4431.31,4419.49,4429.44,13462.0,,
1788406200,4429.44,4432.6,4425.46,4431.53,8318.0,,
1788408000,4431.53,4436.9,4425.55,4436.64,8527.0,,
1788409800,4436.64,4438.44,4434.09,4437.44,5892.0,,
1788411600,4437.44,4440.26,4422.79,4425.19,12663.0,,
1788413400,4425.18,4439.25,4422.47,4431.11,21049.0,,
1788415200,4431.11,4436.24,4417.55,4421.66,19551.0,,
1788417000,4421.61,4428.8,4420.43,4420.57,13634.0,,
1788418800,4420.57,4431.6,4419.15,4426.43,17756.0,,
1788420600,4426.43,4431.05,4423.68,4428.87,14977.0,,
1788422400,4428.87,4443.79,4428.1,4438.42,25908.0,,
1788424200,4438.42,4440.0,4431.51,4434.95,11946.0,,
1788426000,4434.96,4442.05,4432.1,4435.32,12492.0,,
1788427800,4435.32,4438.11,4425.7,4427.57,13088.0,,
1788429600,4427.58,4429.93,4418.19,4422.61,12112.0,,
1788431400,4422.61,4428.58,4420.06,4427.31,10544.0,,
1788433200,4427.3,4437.95,4425.09,4434.41,15180.0,,
1788435000,4434.42,4445.75,4425.52,4444.24,12253.0,,
1788436800,4444.2,4450.22,4437.92,4446.61,17284.0,,
1788438600,4446.6,4495.33,4446.6,4493.63,40870.0,,
1788440400,4493.68,4496.01,4477.0,4480.12,33286.0,,
1788442200,4480.18,4482.4,4456.81,4470.79,42417.0,,
1788444000,4470.8,4480.86,4458.01,4477.53,44808.0,,
1788445800,4477.44,4485.48,4465.98,4485.45,32997.0,,
1788447600,4485.44,4510.88,4484.26,4506.64,37794.0,,
1788449400,4506.62,4509.77,4486.22,4493.27,25800.0,,
1788451200,4493.25,4495.49,4487.73,4493.36,19005.0,,
1788453000,4493.39,4495.64,4485.59,4486.33,15331.0,,
1788454800,4486.35,4493.88,4483.24,4492.99,14771.0,,
1788456600,4492.99,4494.73,4486.46,4486.68,11942.0,,
1788458400,4486.67,4489.81,4479.73,4479.81,14154.0,,
1788460200,4479.82,4482.84,4474.14,4475.24,13355.0,,
1788462000,4475.1,4476.98,4472.62,4475.89,12695.0,,
1788463800,4475.89,4480.86,4473.01,4475.24,13556.0,,
1788465600,4475.23,4475.69,4470.5,4471.76,6489.0,,
1788467400,4471.73,4473.92,4470.84,4472.94,3269.0,,
1788472800,4476.17,4478.81,4474.23,4475.01,4213.0,,
1788474600,4475.0,4476.58,4471.42,4474.54,5094.0,,
1788476400,4474.53,4477.64,4471.61,4473.85,3902.0,,
1788478200,4473.86,4480.36,4473.6,4480.1,5104.0,,
1788480000,4480.12,4483.27,4473.95,4474.57,9497.0,,
1788481800,4474.57,4487.25,4472.81,4486.41,9176.0,,
1788483600,4486.41,4487.47,4467.63,4470.99,20162.0,,
1788485400,4470.99,4480.57,4466.16,4478.93,14937.0,,
1788487200,4478.94,4482.65,4471.54,4473.97,10383.0,,
1788489000,4473.96,4480.95,4470.29,4477.54,11610.0,,
1788490800,4477.53,4478.74,4470.31,4472.51,8579.0,,
1788492600,4472.51,4475.33,4467.0,4467.1,5941.0,,
1788494400,4467.09,4472.45,4465.47,4471.69,6649.0,,
1788496200,4471.69,4475.01,4471.67,4473.8,4718.0,,
1788498000,4473.79,4475.28,4466.68,4467.57,7128.0,,
1788499800,4467.57,4477.65,4466.23,4472.09,13088.0,,
1788501600,4472.09,4473.41,4466.67,4468.92,12105.0,,
1788503400,4468.91,4469.8,4460.29,4463.04,12684.0,,
1788505200,4463.02,4472.85,4461.68,4472.73,11747.0,,
1788507000,4472.74,4490.84,4472.73,4483.54,12069.0,,
1788508800,4483.54,4486.54,4479.3,4481.11,11380.0,,
1788510600,4481.11,4482.49,4474.49,4477.83,9830.0,,
1788512400,4477.83,4479.22,4463.52,4466.69,11096.0,,
1788514200,4466.7,4470.21,4464.55,4465.61,9507.0,,
1788516000,4465.58,4473.55,4465.45,4471.21,8647.0,,
1788517800,4471.22,4476.46,4470.06,4472.91,7469.0,,
1788519600,4472.97,4473.35,4465.41,4465.69,7778.0,,
1788521400,4465.68,4470.63,4465.13,4467.07,7958.0,,
1788523200,4467.12,4476.65,4464.49,4472.0,16921.0,,
1788525000,4472.0,4474.67,4377.74,4393.88,68266.0,,
1788526800,4393.77,4414.61,4365.71,4412.64,44698.0,,
1788528600,4412.64,4434.76,4405.3,4413.14,54363.0,,
1788530400,4413.16,4437.36,4412.06,4429.07,45124.0,,
1788532200,4429.09,4442.37,4417.13,4427.55,36635.0,,
1788534000,4427.61,4449.04,4422.8,4439.99,28810.0,,
1788535800,4439.99,4446.63,4435.7,4436.68,19513.0,,
1788537600,4436.7,4443.63,4432.14,4434.26,17884.0,,
1788539400,4434.24,4440.48,4433.43,4436.44,15837.0,,
1788541200,4436.42,4440.48,4427.56,4428.71,18242.0,,
1788543000,4428.62,4429.82,4415.69,4416.64,16384.0,,
1788544800,4416.63,4426.72,4411.84,4424.79,14529.0,,
1788546600,4424.78,4425.92,4421.28,4424.01,11343.0,,
1788548400,4424.01,4435.91,4422.58,4435.69,10859.0,,
1788550200,4435.69,4438.42,4432.76,4434.9,12749.0,,
1788552000,4434.91,4435.19,4429.36,4430.07,4127.0,,
1788553800,4430.07,4431.26,4428.5,4431.23,2248.0,,
1788732000,4419.01,4430.29,4417.71,4428.82,3628.0,,
1788733800,4428.84,4435.25,4427.76,4429.56,3282.0,,
1788735600,4429.57,4431.41,4425.31,4427.05,3219.0,,
1788737400,4427.05,4434.08,4421.28,4423.41,6888.0,,
1788739200,4423.47,4428.9,4421.1,4422.24,11477.0,,
1788741000,4422.22,4429.68,4410.09,4412.67,11647.0,,
1788742800,4412.66,4415.87,4389.4,4403.44,26654.0,,
1788744600,4403.47,4416.86,4403.16,4409.19,16022.0,,
1788746400,4409.2,4410.66,4402.98,4407.78,9908.0,,
1788748200,4407.76,4419.09,4406.92,4408.89,12980.0,,
1788750000,4408.88,4410.5,4404.7,4408.71,9719.0,,
1788751800,4408.7,4408.84,4401.33,4404.13,6127.0,,
1788753600,4404.13,4407.35,4400.18,4402.31,5681.0,,
1788755400,4402.33,4402.59,4394.48,4398.07,5431.0,,
1788757200,4398.07,4411.67,4397.73,4411.11,6558.0,,
1788759000,4411.12,4413.23,4393.1,4394.07,15140.0,,
1788760800,4394.07,4398.16,4385.24,4394.44,14848.0,,
1788762600,4394.46,4399.84,4391.35,4392.84,10013.0,,
1788764400,4392.84,4402.23,4391.94,4395.18,12739.0,,
1788766200,4395.2,4406.7,4392.08,4406.36,13514.0,,
1788768000,4406.37,4423.55,4405.26,4419.77,16833.0,,
1788769800,4419.77,4423.81,4409.21,4410.95,10274.0,,
1788771600,4410.96,4413.69,4405.34,4405.58,7085.0,,
1788773400,4405.75,4410.37,4403.61,4405.77,6010.0,,
1788775200,4405.76,4406.29,4395.88,4395.98,5427.0,,
1788777000,4395.97,4399.23,4387.78,4391.67,9645.0,,
1788778800,4391.72,4395.0,4387.02,4389.54,8842.0,,
1788780600,4389.53,4392.11,4381.14,4385.29,8585.0,,
1788782400,4385.39,4395.34,4385.39,4395.34,7450.0,,
1788784200,4395.34,4398.08,4392.48,4396.83,7355.0,,
1788786000,4396.82,4405.02,4394.7,4403.87,11460.0,,
1788787800,4403.87,4407.85,4401.05,4402.62,8617.0,,
1788789600,4402.62,4409.12,4401.14,4407.14,8830.0,,
1788791400,4407.13,4419.61,4404.57,4416.13,11652.0,,
1788793200,4416.12,4416.72,4409.29,4412.97,9444.0,,
1788795000,4412.98,4415.07,4408.8,4414.51,5241.0,,
1788796800,4414.5,4417.3,4412.7,4413.67,3690.0,,
1788798600,4413.67,4414.55,4411.88,4414.55,2816.0,,
1788800400,4414.54,4415.15,4411.91,4412.39,1705.0,,
1788802200,4412.39,4412.76,4407.11,4407.2,1847.0,,
1788804000,4407.2,4409.19,4403.19,4406.28,3324.0,,
1788818400,4413.9,4413.9,4409.47,4409.79,3208.0,,
1788820200,4409.79,4409.94,4406.02,4407.67,2725.0,,
1788822000,4407.59,4412.75,4407.3,4410.86,4565.0,,
1788823800,4410.85,4428.09,4410.83,4422.98,11483.0,,
1788825600,4423.05,4430.13,4415.14,4421.51,20817.0,,
1788827400,4421.49,4427.65,4415.14,4426.35,15947.0,,
1788829200,4426.34,4436.27,4417.2,4434.48,24480.0,,
1788831000,4434.48,4440.73,4430.68,4437.08,15192.0,,
1788832800,4437.09,4438.66,4424.44,4424.97,12296.0,,
1788834600,4424.93,4428.07,4421.25,4424.26,14041.0,,
1788836400,4424.26,4440.02,4422.53,4432.15,12017.0,,
1788838200,4432.23,4438.92,4430.51,4437.89,7185.0,,
1788840000,4437.89,4443.03,4431.71,4432.68,8280.0,,
1788841800,4432.69,4439.92,4432.33,4436.07,6514.0,,
1788843600,4436.05,4437.76,4420.17,4420.43,10552.0,,
1788845400,4420.42,4428.82,4417.41,4419.47,16860.0,,
1788847200,4419.45,4420.19,4399.04,4400.18,21118.0,,
1788849000,4400.18,4409.32,4397.88,4403.79,14381.0,,
1788850800,4403.8,4409.48,4400.31,4401.64,12205.0,,
1788852600,4401.64,4405.43,4389.95,4392.42,14308.0,,
1788854400,4392.44,4396.43,4387.89,4394.73,17096.0,,
1788856200,4394.73,4398.58,4391.09,4394.16,16225.0,,
1788858000,4394.13,4399.41,4391.38,4393.19,12372.0,,
1788859800,4393.18,4405.71,4390.61,4403.05,11486.0,,
1788861600,4403.06,4407.0,4393.78,4399.5,12752.0,,
1788863400,4399.5,4400.47,4393.68,4395.41,8096.0,,
1788865200,4395.39,4403.0,4391.15,4402.06,10943.0,,
1788867000,4402.08,4407.89,4397.8,4406.49,11122.0,,
1788868800,4406.5,4406.76,4385.2,4401.9,20165.0,,
1788870600,4401.87,4411.82,4395.35,4411.61,18243.0,,
1788872400,4411.62,4413.24,4398.98,4400.43,21975.0,,
1788874200,4400.41,4407.53,4390.4,4395.7,38318.0,,
1788876000,4395.71,4403.73,4391.58,4396.72,30922.0,,
1788877800,4396.8,4400.73,4389.11,4398.71,22912.0,,
1788879600,4398.73,4409.31,4396.46,4399.01,21365.0,,
1788881400,4399.02,4404.23,4394.74,4394.74,15160.0,,
1788883200,4394.74,4395.49,4379.82,4394.06,17261.0,,
1788885000,4394.06,4398.45,4390.34,4393.67,13234.0,,
1788886800,4393.71,4403.72,4392.07,4394.04,12431.0,,
1788888600,4394.04,4395.11,4385.24,4389.99,10853.0,,
1788890400,4389.99,4390.34,4384.06,4385.59,12145.0,,
1788892200,4385.6,4386.62,4358.15,4375.67,27955.0,,
1788894000,4375.67,4377.25,4366.35,4368.75,20923.0,,
1788895800,4368.76,4369.72,4356.81,4359.42,19999.0,,
1788897600,4359.34,4364.49,4355.6,4356.77,7452.0,,
1788899400,4356.8,4358.74,4344.72,4355.28,4534.0,,
1788904800,4358.05,4359.16,4353.15,4354.49,3977.0,,
1788906600,4354.5,4355.99,4350.51,4354.15,3681.0,,
1788908400,4354.16,4357.72,4351.93,4357.56,4148.0,,
1788910200,4357.59,4359.98,4349.28,4349.99,5697.0,,
1788912000,4350.03,4353.03,4341.2,4347.02,13969.0,,
1788913800,4347.06,4365.62,4343.81,4364.8,11626.0,,
1788915600,4364.81,4373.05,4354.23,4371.71,19487.0,,
1788917400,4371.73,4378.19,4370.79,4373.65,11589.0,,
1788919200,4373.66,4376.92,4370.63,4373.0,9067.0,,
1788921000,4373.0,4384.41,4367.3,4382.16,12032.0,,
1788922800,4382.2,4382.73,4375.62,4378.14,8903.0,,
1788924600,4378.15,4380.03,4375.19,4375.24,6103.0,,
1788926400,4375.23,4380.65,4370.66,4380.05,7885.0,,
1788928200,4380.01,4382.53,4376.38,4381.58,4593.0,,
1788930000,4381.58,4388.74,4380.52,4385.23,8178.0,,
1788931800,4385.2,4401.0,4384.36,4398.8,11361.0,,
1788933600,4398.83,4405.26,4395.29,4398.22,11321.0,,
1788935400,4398.31,4406.11,4397.09,4400.67,9106.0,,
1788937200,4400.66,4408.79,4399.37,4407.73,9442.0,,
1788939000,4407.75,4412.75,4406.47,4409.23,8280.0,,
1788940800,4409.34,4412.01,4399.62,4399.78,10492.0,,
1788942600,4399.77,4403.59,4399.08,4400.68,7844.0,,
1788944400,4400.68,4402.32,4396.93,4398.4,7331.0,,
1788946200,4398.32,4398.72,4388.44,4390.77,8799.0,,
1788948000,4390.77,4396.0,4386.21,4394.34,10727.0,,
1788949800,4394.33,4403.19,4393.52,4399.7,10514.0,,
1788951600,4399.7,4409.15,4399.7,4408.32,8499.0,,
1788953400,4408.32,4415.31,4403.44,4407.41,13874.0,,
1788955200,4407.41,4409.42,4393.76,4393.87,13926.0,,
1788957000,4393.87,4402.27,4390.97,4400.17,12363.0,,
1788958800,4400.17,4430.43,4398.69,4429.63,19870.0,,
1788960600,4429.54,4434.1,4410.8,4415.08,32209.0,,
1788962400,4415.09,4428.65,4409.95,4425.98,29311.0,,
1788964200,4425.99,4427.12,4415.0,4418.75,19805.0,,
1788966000,4418.74,4432.11,4375.13,4394.68,63636.0,,
1788967800,4394.68,4407.29,4392.66,4398.53,30004.0,,
1788969600,4398.5,4403.14,4391.69,4401.75,20548.0,,
1788971400,4401.74,4410.4,4399.08,4409.58,12784.0,,
1788973200,4409.54,4420.62,4408.99,4414.86,16344.0,,
1788975000,4414.89,4417.15,4411.9,4416.1,8679.0,,
1788976800,4416.11,4421.5,4415.87,4418.0,9476.0,,
1788978600,4418.0,4418.38,4401.71,4403.15,11191.0,,
1788980400,4403.19,4404.87,4396.99,4399.66,13124.0,,
1788982200,4399.66,4401.47,4395.58,4399.16,12983.0,,
1788984000,4399.16,4399.38,4393.53,4394.82,3483.0,,
1788985800,4394.83,4401.57,4394.79,4401.54,2601.0,,
1788991200,4405.01,4406.51,4400.45,4402.54,3201.0,,
1788993000,4402.52,4403.85,4397.13,4399.73,4849.0,,
1788994800,4399.67,4403.14,4395.84,4397.68,5627.0,,
1788996600,4397.64,4399.21,4393.29,4394.28,4901.0,,
1788998400,4394.3,4398.55,4389.83,4392.97,9764.0,,
1789000200,4392.98,4404.91,4391.48,4401.14,10207.0,,
1789002000,4401.15,4419.06,4400.21,4410.52,22022.0,,
1789003800,4410.54,4414.53,4405.27,4412.25,19726.0,,
1789005600,4412.26,4418.92,4407.74,4417.07,13209.0,,
1789007400,4417.08,4420.93,4411.19,4419.45,13270.0,,
1789009200,4419.44,4421.23,4409.31,4410.16,11465.0,,
1789011000,4410.16,4412.62,4406.89,4409.16,5935.0,,
1789012800,4409.16,4415.55,4409.15,4411.86,4836.0,,
1789014600,4411.84,4413.73,4405.68,4408.53,5291.0,,
1789016400,4408.53,4420.83,4408.19,4420.74,7565.0,,
1789018200,4420.72,4431.31,4417.49,4431.22,15572.0,,
1789020000,4431.22,4434.91,4410.95,4417.59,14170.0,,
1789021800,4417.58,4428.88,4413.28,4425.34,13439.0,,
1789023600,4425.31,4425.53,4408.07,4408.44,10778.0,,
1789025400,4408.44,4415.41,4404.08,4411.84,11674.0,,
1789027200,4411.77,4412.86,4403.98,4405.76,12034.0,,
1789029000,4405.76,4406.02,4392.23,4394.93,13293.0,,
1789030800,4394.9,4396.89,4389.96,4392.88,10248.0,,
1789032600,4392.87,4395.82,4388.3,4394.11,9728.0,,
1789034400,4394.05,4400.18,4389.65,4394.14,14253.0,,
1789036200,4394.2,4394.74,4375.2,4378.85,19246.0,,
1789038000,4378.84,4388.75,4374.78,4385.89,17847.0,,
1789039800,4385.89,4390.75,4373.62,4374.61,14930.0,,
1789041600,4374.57,4377.82,4361.89,4363.81,26411.0,,
1789043400,4363.81,4373.22,4324.03,4340.16,52280.0,,
1789045200,4340.16,4357.79,4339.24,4357.79,39428.0,,
1789047000,4357.78,4375.9,4351.9,4366.04,50309.0,,
